Account,M2M
GALAXY,-19459.957499999997
NEPTUNE,-7004.385999999999
